time,posx,posy,posz,vx,vy,vz,ax,ay,az
0.15,-304.2868376,-1976.412368,0.013255273,0.071736611,-6.45E-05,-0.241928309,1.432034016,-0.001267159,-4.838933945
0.2,-304.2866344,-1976.423955,0.012258765,0.458257139,-0.000115623,0.071941368,7.725576401,-0.001020316,6.268892288
0.25,-304.2860606,-1976.456781,0.014850763,0.813073158,-0.000180299,0.103600807,7.091160297,-0.001345581,0.659670055
0.3,-304.2852194,-1976.5049,0.015360624,1.108579397,-0.000145221,-0.057230487,5.90912199,0.000598494,-3.21973896
0.35,-304.2840895,-1976.569342,0.01309103,1.49875772,-6.66E-06,-0.004616237,7.80299902,0.002649351,1.043890715
0.4,-304.2825683,-1976.655666,0.014310226,1.927067518,0.00023968,0.064605676,8.566058159,0.004778223,1.392532945
0.45,-304.280732,-1976.759808,0.01502666,2.235644102,0.000474671,-0.012769964,6.171638012,0.004684139,-1.552246332
0.5,-304.2785842,-1976.881239,0.013521033,2.635293007,0.000862457,0.019539313,7.993004322,0.00793916,0.6527915
0.55,-304.2760722,-1977.023199,0.014597341,3.023852587,0.001235764,0.04576626,7.771185875,0.008127702,0.524874806
0.6,-304.2732481,-1977.182947,0.01455075,3.367551804,0.001593014,0.005711718,6.873963356,0.008576991,-0.799808502
0.65,-304.2700996,-1977.361024,0.014000641,3.758960485,0.002020207,0.032049302,7.828176975,0.010991219,0.525030851
0.7,-304.2666029,-1977.558705,0.014498428,4.136868954,0.002413437,0.041050706,7.55808115,0.011573632,0.187403902
0.75,-304.2627619,-1977.77433,0.013983458,4.465351105,0.002027489,0.011518477,6.569637299,-0.002908059,-0.580067575
0.8,-304.2587743,-1978.006113,0.013554571,4.817715645,0.002273878,0.049180791,7.047407627,0.016710054,0.747052133
0.85,-304.2545574,-1978.25474,0.015081876,5.113851547,0.000847327,0.048207462,5.923083305,-0.011487712,-0.049239822
0.9,-304.2502366,-1978.518254,0.014315672,5.432260513,-0.000535933,0.027087944,6.36796999,-0.001463265,-0.39541468
0.95,-304.2456552,-1978.798148,0.014563307,5.758467197,-0.001029429,0.047070507,6.524317741,0.021654181,0.367091209
1,-304.2407659,-1979.094533,0.014429823,6.092745304,-0.002376858,0.051568095,6.685271263,0.009202663,0.124711379
1.05,-304.235604,-1979.407314,0.014720116,6.412516594,-0.003791125,0.039527725,6.395649433,0.01416418,-0.268717378
1.1,-304.2300895,-1979.736624,0.014208126,6.760385036,-0.004455666,0.055597976,6.957217693,0.032285143,0.34799099
1.15,-304.2241257,-1980.083421,0.014745781,7.10011673,-0.005476264,0.054444373,6.794799328,0.02537353,-0.037971046
1.2,-304.2177492,-1980.446963,0.014329974,7.443178654,-0.006400616,0.049656581,6.861166954,0.02774542,-0.079892226
1.25,-304.2108624,-1980.828383,0.014474757,7.806209564,-0.006565763,0.062688485,7.260716915,0.038813055,0.252321064
1.3,-304.2034028,-1981.227678,0.014439682,8.162444115,-0.006646176,0.058622386,7.124615669,0.032153688,-0.066548891
1.35,-304.1953641,-1981.645162,0.014395809,8.533557892,-0.006328063,0.060779694,7.422343254,0.029717553,0.035676807
1.4,-304.1867063,-1982.081379,0.014328127,8.911949158,-0.005154353,0.067685165,7.567761421,0.032135386,0.147901624
1.45,-304.1773923,-1982.53653,0.014454697,9.285998344,-0.003575934,0.067408279,7.48100996,0.020775201,-0.009466877
1.5,-304.1675222,-1983.009074,0.014579026,9.590885162,-0.003336545,0.0699035,6.097878933,-0.02698387,0.026338588
1.55,-304.1574563,-1983.493517,0.015018521,9.780210495,-0.003474457,0.074925788,3.786883354,-0.040420275,0.04976394
1.6,-304.147307,-1983.986871,0.014862331,9.954262733,-0.003065554,0.076349646,3.480919361,-0.028467432,0.044004798
1.65,-304.1370658,-1984.489018,0.015010202,10.13273621,-0.002749448,0.077716991,3.569555759,-0.02920194,0.014376685
1.7,-304.1267199,-1985.000282,0.014848089,10.3187933,-0.002250734,0.078438431,3.721013784,-0.025142264,0.029419264
1.75,-304.1162646,-1985.52102,0.014943709,10.51167679,-0.001780575,0.080662608,3.857726574,-0.02445641,0.03597074
1.8,-304.1056875,-1986.051605,0.014820157,10.71172047,-0.001300373,0.081235968,4.000773907,-0.023431886,0.024984725
1.85,-304.0949848,-1986.592301,0.014887397,10.91702175,-0.000783899,0.083075993,4.106076241,-0.021385876,0.029143305
1.9,-304.0841419,-1987.143526,0.014771507,11.13279629,-0.000203425,0.084524758,4.315382481,-0.01920459,0.0426769
1.95,-304.0731497,-1987.705767,0.014821693,11.35751724,0.000343949,0.085887209,4.494471073,-0.018507248,0.022692634
2,-304.0619924,-1988.279537,0.014706595,11.59397793,0.000941956,0.087405369,4.729115963,-0.01668353,0.043210663
2.05,-304.0506595,-1988.865379,0.014745248,11.84001827,0.001596928,0.089291535,4.920828819,-0.014319887,0.034840912
2.1,-304.0391321,-1989.46383,0.014639032,12.09859753,0.002238729,0.090555489,5.171494961,-0.0140263,0.038291574
2.15,-304.0274004,-1990.075489,0.014660338,12.36773396,0.00296542,0.092632875,5.382751465,-0.011447576,0.039570455
2.2,-304.0154703,-1990.700914,0.014564514,12.64898872,0.003615476,0.094278932,5.624988079,-0.009307064,0.045804016
2.25,-304.0033323,-1991.340519,0.014605706,12.93322945,0.00403386,0.096326731,5.684870243,-0.010179972,0.036076244
2.3,-303.9909758,-1991.994364,0.014536011,13.21913719,0.004431025,0.098306954,5.718097687,-0.007970879,0.048195969
2.35,-303.9783893,-1992.662502,0.014584699,13.50423527,0.004794645,0.100629926,5.701991558,-0.007027043,0.041347295
2.4,-303.9655726,-1993.344886,0.014528317,13.78980637,0.005081086,0.102211326,5.711375237,-0.006662324,0.038539521
2.45,-303.9513338,-1994.104951,0.014563675,14.10046577,0.005448888,0.104874156,5.700222492,-0.003912881,0.044424146
2.5,-303.9392294,-1994.752457,0.014520665,14.3599844,0.005597617,0.106407292,5.703668118,-0.006455716,0.039662745
2.55,-303.9256987,-1995.477622,0.014543736,14.64484882,0.005855936,0.108832791,5.697302818,-0.003480906,0.044922858
2.6,-303.9119269,-1996.21701,0.014509995,14.92950535,0.006071124,0.110570997,5.693109512,-0.002954345,0.038475644
2.65,-303.89791,-1996.97064,0.014524194,15.21410275,0.006259332,0.113038413,5.691972733,-0.00263022,0.046930235
2.7,-303.8836473,-1997.738476,0.014498631,15.49830055,0.006419656,0.114736378,5.683928967,-0.002274863,0.036683749
2.75,-303.8692496,-1998.518396,0.014470028,15.72245598,0.006665153,0.108257242,4.483289242,-0.002394998,-0.15015398
2.8,-303.8544976,-1999.314501,0.013622797,16.13458633,0.006640768,0.125439599,8.241798401,-0.005278907,0.467153728
2.85,-303.8394806,-2000.130773,0.014853063,16.50013351,0.004123918,0.122733071,7.312074661,-0.041036069,-0.193540305
2.9,-303.8243647,-2000.965582,0.013681108,16.90124321,0.002667755,0.114753351,8.021138191,0.008159948,-0.005905893
2.95,-303.8086812,-2001.829492,0.014412151,17.30077744,0.001394974,0.132031813,7.912492752,0.025391972,0.214587554
3,-303.7929058,-2002.704267,0.013965753,17.69275475,-0.000870036,0.127177134,7.838767529,0.035391744,0.009343715
3.05,-303.7766008,-2003.598882,0.014327576,18.08321571,-0.001860301,0.130025968,7.809821606,0.049337156,-0.025101848
3.1,-303.7595992,-2004.512577,0.013964009,18.46453667,-0.00077375,0.135116175,7.625995636,0.04739961,0.158796862
3.15,-303.741929,-2005.444855,0.01443991,18.81204414,-0.000162564,0.13992779,6.950621605,-0.019110667,0.03192471
3.2,-303.7238717,-2006.392798,0.014293823,19.10228348,0.000192099,0.137354761,5.80480051,-0.069654375,-0.050966937
3.25,-303.7056519,-2007.3547,0.014480959,19.37081909,0.001072251,0.147261545,5.371013165,-0.081373945,0.157190546
3.3,-303.687401,-2008.3297,0.014416239,19.63073158,0.00200838,0.144898549,5.198106766,-0.078113243,-0.025951214
3.35,-303.6691482,-2009.317814,0.014450148,19.89316368,0.00293208,0.148185149,5.248764515,-0.068194941,0.048756778
3.4,-303.6508667,-2010.318932,0.014380544,20.1527462,0.004108953,0.149992555,5.191603184,-0.052088898,0.04580019
3.45,-303.632532,-2011.33311,0.014434312,20.41362762,0.004986851,0.152905494,5.217676163,-0.046811353,0.053432096
3.5,-303.6141245,-2012.36024,0.014366864,20.6726532,0.005843476,0.152745545,5.180470943,-0.036137812,0.004777492
3.55,-303.5956159,-2013.400402,0.014388749,20.933218,0.006625439,0.156818599,5.211344719,-0.02820229,0.076633155
3.6,-303.5769837,-2014.453498,0.014359461,21.19137383,0.007297818,0.156868353,5.16308403,-0.021497747,0.007382694
3.65,-303.5582109,-2015.519571,0.014352123,21.45121574,0.007812867,0.15977411,5.19686842,-0.017040053,0.055120677
3.7,-303.5392779,-2016.598559,0.014332736,21.70897293,0.008377328,0.161095947,5.155137062,-0.009641551,0.028224049
3.75,-303.5202733,-2017.689382,0.014634467,21.88703346,0.009003278,0.165833607,3.561776638,-0.001572188,0.021475242
3.8,-303.5010853,-2018.792696,0.013716361,22.25198174,0.004430589,0.156151488,7.29764986,-0.072583973,-0.010600387
3.85,-303.4818719,-2019.914622,0.014265311,22.60246277,0.005520865,0.172137588,7.010520935,0.085272633,0.19959563
3.9,-303.4620147,-2021.051262,0.014209587,22.86403656,0.008291159,0.16673921,5.231562614,0.079442956,-0.114559926
3.95,-303.4417484,-2022.201075,0.014311351,23.1234684,0.005639241,0.177919433,5.188766956,-0.063947544,0.206293941
4,-303.4213183,-2023.363117,0.014360883,23.34388542,0.008186489,0.173526332,4.408400536,0.014636507,-0.093340226
4.05,-303.4011,-2024.529913,0.015399816,23.32350731,0.0033535,0.188289702,-0.405327171,-0.067429505,0.008336779
4.1,-303.3810212,-2025.694554,0.014939003,23.26418114,0.001507963,0.184800133,-1.187112451,0.001360964,0.005044647
4.15,-303.3609308,-2026.856206,0.015452894,23.21229362,0.001372263,0.193192348,-1.037044644,0.030551227,0.087265968
4.2,-303.3408196,-2028.015305,0.015075493,23.15491486,-0.000115863,0.1812765,-1.148203731,0.000654394,-0.15909633
4.25,-303.3206993,-2029.171482,0.015331333,23.10144234,-0.000508785,0.189710736,-1.068864584,0.007433442,0.096598104
4.3,-303.3005766,-2030.325032,0.015133919,23.04523277,-0.000169823,0.184930086,-1.124732852,0.016675429,-0.030512245
4.35,-303.2804787,-2031.475761,0.015312623,22.99183464,-0.00092677,0.184966221,-1.067597866,-0.005395832,-0.047000028
4.4,-303.2604128,-2032.623801,0.015124478,22.93549919,-0.00107959,0.184946015,-1.126992226,-0.000566642,0.037035771
4.45,-303.2403767,-2033.769063,0.015307527,22.882267,-0.000618533,0.185421094,-1.064438105,0.008212973,-0.014777758
4.5,-303.2202659,-2034.912633,0.014894632,22.91781235,-0.001165601,0.178067118,0.710186481,-0.016001649,-0.056306366
4.55,-303.1998262,-2036.06433,0.014144413,23.15560913,0.004605805,0.174218729,4.754507065,0.044020701,0.111337364
4.6,-303.1792456,-2037.227588,0.01465561,23.32839775,0.007284777,0.179589599,3.456843615,0.004202043,-0.031536326
4.65,-303.1583094,-2038.40293,0.013112653,23.71343803,0.008036612,0.166069269,7.69834137,-0.069850564,0.074700758
4.7,-303.1375452,-2039.599917,0.014116881,24.14668655,0.006905807,0.18401517,8.666410446,-0.009931548,0.170804888
4.75,-303.1166502,-2040.816728,0.013544246,24.53580666,0.004918613,0.171478167,7.781578541,0.050181575,-0.131921321
4.8,-303.0953463,-2042.054588,0.01379883,24.9662056,0.000680714,0.186689988,8.608319283,0.033812951,0.259273827
4.85,-303.0734666,-2043.311878,0.013906539,25.31764412,0.00022013,0.182094544,7.028932571,0.064111955,-0.115537696
4.9,-303.0507021,-2044.585026,0.014121987,25.59239578,0.004712994,0.192641467,5.495578766,0.023665112,0.140435979
4.95,-303.0276756,-2045.870209,0.014208045,25.81838989,0.005063831,0.191899747,4.520142078,-0.088984758,-0.04316913
5,-303.0046817,-2047.166878,0.014182604,26.04835701,0.006252676,0.196714297,4.599312782,-0.069049969,0.104780868
5.05,-302.9816748,-2048.474778,0.014180824,26.27170181,0.009507352,0.195097432,4.466961384,-0.004244047,-0.041609216
5.1,-302.9586289,-2049.794062,0.014142558,26.49973106,0.009270413,0.200230539,4.560537338,-0.042360127,0.113777593
5.15,-302.9354993,-2051.124547,0.014159521,26.72306442,0.009944795,0.198677748,4.466731071,-0.01758296,-0.03714766
5.2,-302.9122448,-2052.466345,0.014103693,26.94976807,0.01137698,0.202604502,4.533992291,0.013734655,0.088186011
5.25,-302.888836,-2053.81933,0.014120818,27.17243576,0.011006597,0.202561334,4.453408718,-0.002402764,-0.006836006
5.3,-302.8652425,-2055.183562,0.014074403,27.39802933,0.010778757,0.205344662,4.5117836,-0.001133498,0.065916106
5.35,-302.8414402,-2056.558942,0.014077164,27.62021065,0.011855499,0.205747768,4.443665504,0.027458727,0.00258322
5.4,-302.8174241,-2057.94548,0.013915355,27.83952332,0.011562982,0.195867315,4.386111259,0.006775725,-0.178043559
5.45,-302.7936863,-2059.314954,0.013144123,28.06152534,0.011126079,0.20259212,4.530598164,-0.000912333,0.146860272
5.5,-302.7687849,-2060.751729,0.013780569,28.28435516,0.011593164,0.226100892,4.369800568,0.024474081,0.380333334
5.55,-302.7441072,-2062.17146,0.013501617,28.50737953,0.011622561,0.202279523,4.459552288,0.008850252,-0.353978217
5.6,-302.7192272,-2063.602297,0.013477354,28.72952271,0.011365536,0.214736015,4.443741798,0.000648957,0.127205327
5.65,-302.6944316,-2065.029558,0.013538522,28.90344429,0.01187376,0.225374326,3.513132572,0.017487235,0.274001777
5.7,-302.669216,-2066.481656,0.012522468,29.2345562,0.00968055,0.193046868,6.620379925,-0.0164351,-0.378124028
5.75,-302.6439669,-2067.955621,0.012796251,29.71128845,0.004345007,0.222134635,9.535392761,0.01641521,0.487134457
5.8,-302.6183164,-2069.45118,0.012946876,30.11379623,-0.000414376,0.21308881,8.050028801,0.085573383,-0.160685375
5.85,-302.5917693,-2070.983233,0.012789117,30.54434395,-0.003738324,0.216761097,8.525555611,0.106763944,0.093932107
5.9,-302.564624,-2072.500622,0.013718196,30.74787331,0.000997601,0.232892528,4.114276886,0.024218822,-0.021658033
5.95,-302.5368215,-2074.042043,0.013331563,30.91266441,0.006303924,0.234021068,3.294887781,-0.05252891,0.150164425
6,-302.5091437,-2075.591612,0.01376924,31.07613182,0.00735832,0.235945493,3.270198345,-0.110522091,-0.071883
6.05,-302.4816268,-2077.149529,0.013356708,31.24435234,0.009578826,0.232838854,3.363717318,-0.06881544,0.038816091
6.1,-302.4542174,-2078.715759,0.01365958,31.41021729,0.012160063,0.240020409,3.317975521,-0.007848622,0.05626319
6.15,-302.4268221,-2080.290376,0.01341337,31.57775497,0.011198672,0.235748664,3.350100756,-0.038285181,0.000732484
6.2,-302.3993846,-2081.873279,0.013570516,31.74343681,0.011557746,0.239642814,3.314152241,-0.002442028,0.008728016
6.25,-302.3718155,-2083.464513,0.013405664,31.909729,0.012496795,0.240489915,3.325419426,0.02468521,0.075868905
6.3,-302.3441017,-2085.064001,0.013550447,32.07452774,0.011475762,0.241416186,3.296300173,-0.000108747,-0.021563513
6.35,-302.3162187,-2086.671764,0.013389363,32.24006653,0.011339425,0.241575256,3.310432434,0.005562389,0.041846137
6.4,-302.2881583,-2088.287744,0.013503128,32.40408325,0.012265348,0.244712591,3.280620575,0.027243821,0.030888494
6.45,-302.2599268,-2089.911954,0.013397315,32.56848907,0.011606592,0.243664265,3.287837267,0.000333025,0.012800473
6.5,-302.231541,-2091.54434,0.013450653,32.73192978,0.011465119,0.24618271,3.26900053,0.003862593,0.02419588
6.55,-302.2029871,-2093.184908,0.013385573,32.89531708,0.012016944,0.246987253,3.267564535,0.017186612,0.039567523
6.6,-302.174274,-2094.833614,0.013426085,33.05786896,0.011596911,0.248030782,3.251108408,0.002030253,0.006348369
6.65,-302.1454054,-2096.490454,0.013364034,33.22042084,0.011437466,0.249038532,3.25097084,-1.15E-06,0.034595925
6.7,-302.1163815,-2098.15539,0.013397205,33.3821373,0.011961217,0.250702024,3.234382153,0.012154813,0.022629671
6.75,-302.0872083,-2099.828416,0.013350812,33.54370499,0.01171003,0.251173824,3.231260538,0.000191491,0.021860829
6.8,-302.0578939,-2101.509496,0.013364349,33.70464706,0.011561396,0.25282377,3.218893766,-0.000444709,0.02420179
6.85,-302.0284308,-2103.19862,0.013333142,33.8652916,0.011868208,0.253774345,3.212853909,0.007552768,0.028001415
6.9,-301.9988226,-2104.895756,0.013339297,34.02533722,0.011735915,0.254939884,3.200959921,0.001277497,0.018373393
6.95,-301.9690717,-2106.600889,0.013311515,34.18510818,0.011637695,0.256068975,3.195374489,-0.000886085,0.028149916
7,-301.9391573,-2108.313992,0.013321972,34.34435272,-0.000915552,0.25730136,3.184947968,-0.552826703,0.017404817
7.05,-301.909775,-2110.035047,0.013306516,34.50271606,-0.028794196,0.258476704,3.166574955,-1.769554377,0.015351676
7.1,-301.8831694,-2111.764041,0.01330044,34.65992355,-0.046177611,0.260752052,3.141572714,-2.547605991,0.034959584
7.15,-301.8617629,-2113.500961,0.013291904,34.81677628,-0.052323904,0.262183279,3.132956266,-2.943730116,0.031537894
7.2,-301.8471557,-2115.24579,0.013272584,34.97334671,-0.049521074,0.262671083,3.126969814,-2.995910406,0.016517712
7.25,-301.8400156,-2116.998499,0.013258733,35.13002396,-0.041621484,0.263873696,3.129823685,-2.804675579,0.026189359
7.3,-301.8402387,-2118.759049,0.013247318,35.28654861,-0.032115474,0.264755547,3.12783289,-2.473104239,0.023242168
7.35,-301.8471869,-2120.5274,0.013237619,35.4426651,-0.021815227,0.265486091,3.12078166,-2.045306206,0.013026429
7.4,-301.8598769,-2122.303517,0.013219342,35.59846878,-0.011205581,0.266905159,3.115354776,-1.57755971,0.026077712
7.45,-301.8771946,-2124.08737,0.013214429,35.75373459,-0.001595419,0.268394738,3.105161428,-1.123256803,0.028579423
7.5,-301.8979882,-2125.878938,0.01320271,35.90851212,0.007250258,0.269286662,3.095640183,-0.682508588,0.018181274
7.55,-301.9211267,-2127.678202,0.013188455,36.06280899,0.015276055,0.2705836,3.08609128,-0.266251922,0.02464918
7.6,-301.9456177,-2129.485153,0.013178822,36.21666718,0.020740613,0.271897346,3.077159882,0.120945722,0.02738356
7.65,-301.9704549,-2131.299781,0.013169634,36.37005997,0.023970481,0.272814602,3.067573071,0.493020266,0.018451069
7.7,-301.9946026,-2133.122075,0.013153793,36.5229454,0.025974482,0.273988217,3.057161808,0.83090198,0.023522535
7.75,-302.017099,-2134.952021,0.013144327,36.67523575,0.027552029,0.275221974,3.044972181,1.117574692,0.025408057
7.8,-302.0371042,-2136.7896,0.013131784,36.82705307,0.029860253,0.27610296,3.03528142,1.358146071,0.019415071
7.85,-302.0539793,-2138.634787,0.013118288,36.97834778,0.032835554,0.2771492,3.024559736,1.578816295,0.021001022
7.9,-302.0671702,-2140.487556,0.013106632,37.12910461,0.03584937,0.278274834,3.013529539,1.788102627,0.022892842
7.95,-302.0761385,-2142.347875,0.013095902,37.27935791,0.038806856,0.279238671,3.003111362,1.996215105,0.018975869
8,-302.0803401,-2144.215711,0.013082338,37.4290657,0.041724086,0.28027764,2.991848707,2.205682516,0.019703388
8.05,-302.0792307,-2146.091022,0.013071596,37.57822037,0.044390738,0.281424582,2.980363369,2.411201239,0.021277713
8.1,-302.0722675,-2147.973766,0.013060212,37.72685242,0.046871282,0.282423496,2.969521046,2.615925789,0.018390771
8.15,-302.0589055,-2149.863893,0.013047908,37.87491989,0.049262282,0.283479661,2.957847834,2.821438789,0.018438134
8.2,-302.0386025,-2151.761348,0.013036489,38.02241898,0.051456641,0.284600973,2.946068048,3.024766207,0.019495489
8.25,-302.0108178,-2153.666072,0.013025579,38.16937256,0.053492531,0.285634488,2.934738636,3.227879763,0.01740835
8.3,-301.9750084,-2155.577995,0.013013339,38.31575012,0.055441089,0.28668049,2.922746897,3.432578325,0.016959403
8.35,-301.9311182,-2157.477821,0.013002255,38.46008682,0.05724496,0.287779748,2.910607338,3.636750221,0.017656241
8.4,-301.8777166,-2159.403848,0.01295016,38.60441208,0.060441073,0.293742865,2.880336285,3.884382248,0.172249332
8.45,-301.8145532,-2161.336908,0.012787134,38.74768829,0.065847091,0.303019285,2.853772879,4.215655804,0.839805663
8.5,-301.7376065,-2163.354609,0.014483324,38.89759827,0.068518661,0.306984067,2.867923498,4.326275826,1.053516746
8.55,-301.6563353,-2165.223171,0.018669105,38.98259735,0.066414274,0.306183875,1.756940126,4.454670906,0.748329937
8.6,-301.5662196,-2167.180335,0.022498206,39.42328644,-0.086994104,0.262270629,8.801939011,3.771701336,0.816092074
8.65,-301.4696612,-2169.164082,0.032362774,39.95694733,-0.266916513,0.305449069,10.72030258,7.010577202,1.279119134
8.7,-301.3472627,-2171.165387,0.043732717,40.16854477,-0.220020548,0.303161949,4.294939518,10.69821167,0.524161458
8.75,-301.1900987,-2173.169601,0.057431825,40.23216629,-0.046219859,0.335072994,1.287084818,9.245412827,1.191001534
8.8,-301.0123359,-2175.174974,0.072555418,40.28607178,0.04216348,0.319311142,1.068779111,7.848020554,0.676390529
8.85,-300.817537,-2177.181392,0.089784979,40.3386879,0.072084263,0.317312032,1.036074638,7.83921814,0.656039
8.9,-300.604726,-2179.188602,0.108816892,40.39074326,0.073857769,0.32734862,1.019152999,8.36283493,1.013684034
8.95,-300.3715239,-2181.196164,0.130182823,40.44392776,0.057340633,0.324549735,1.043892622,8.305427551,0.72021836
9,-300.1172157,-2183.20382,0.152787427,40.49580002,0.043487079,0.314694971,1.021961689,8.213929176,0.584239423
9.05,-299.8413791,-2185.21122,0.177524885,40.54893112,0.043675311,0.329983085,1.048885226,8.070910454,0.989201784
9.1,-299.5450864,-2187.218393,0.20384834,40.60238647,0.036884606,0.319841206,1.055550933,7.643480301,0.598464966
9.15,-299.2289431,-2189.22518,0.231620157,40.655159,0.037709456,0.318373919,1.044353724,7.405387402,0.625221133
9.2,-298.8938228,-2191.231546,0.260974595,40.70823669,0.040483028,0.326802045,1.049252629,7.251471519,0.868348122
9.25,-298.5403237,-2193.237441,0.291911315,40.76209259,0.03818462,0.321006894,1.065173268,6.973053455,0.579087555
9.3,-298.1689791,-2195.242793,0.323915916,40.81473923,0.038886122,0.318439871,1.041867733,6.892278671,0.599321485
9.35,-297.7800104,-2197.247466,0.357457837,40.86803055,0.040701825,0.327465326,1.05439806,6.816657543,0.813650012
9.4,-297.3738575,-2199.251446,0.392163925,40.92168427,0.037666403,0.319468647,1.061598539,6.661562443,0.517257988
9.45,-296.950607,-2201.254566,0.427896444,40.97449493,0.03944885,0.320468009,1.045829773,6.660679817,0.608957291
9.5,-296.5104484,-2203.256737,0.464829218,41.02764893,0.040108867,0.326271981,1.051918983,6.625947952,0.736759365
9.55,-296.0535388,-2205.257874,0.502769005,41.08133698,0.038052171,0.320430219,1.062879086,6.529783726,0.505981386
9.6,-295.579945,-2207.257836,0.541490647,41.1341362,0.039939664,0.321224838,1.045719147,6.57001543,0.589566112
9.65,-295.089691,-2209.256493,0.58122806,41.18741226,0.040676553,0.326458722,1.054729819,6.551383495,0.690681219
9.7,-294.5829169,-2211.253774,0.621691438,41.24103928,0.038860209,0.320517957,1.06180346,6.491328716,0.479375988
9.75,-294.0595717,-2213.249502,0.662779372,41.29402924,0.041332733,0.322610915,1.049577355,6.550377846,0.585928917
9.8,-293.5196847,-2215.243567,0.70461456,41.34743118,0.04181705,0.326134712,1.057193637,6.53859663,0.639049053
9.85,-292.9633106,-2217.235868,0.746961311,41.40114594,0.040765416,0.321437985,1.063651323,6.501815796,0.471763343
9.9,-292.3904052,-2219.226238,0.789716296,41.45438766,0.043346051,0.323593616,1.054407239,6.565365791,0.571464121
9.95,-291.8009575,-2221.214556,0.832985832,41.50811005,0.043870572,0.326236814,1.063544989,6.553328514,0.598766744
10,-291.1950189,-2223.20072,0.876515609,41.56198883,0.043422293,0.322111189,1.066724539,6.536813736,0.459958762
10.05,-290.5725177,-2225.184556,0.920255537,41.61568069,0.046173465,0.324739784,1.063124418,6.595693111,0.561347306
10.1,-289.9334579,-2227.165953,0.964248384,41.6697464,0.046815455,0.326229841,1.070039988,6.587430477,0.557442486
10.15,-289.277859,-2229.144792,1.00826601,41.72403717,0.04697188,0.323051184,1.074705958,6.580453873,0.453333348
10.2,-288.6056611,-2231.120909,1.052273197,41.7782135,0.04981266,0.325721979,1.072306275,6.63688755,0.545851648
10.25,-287.9168638,-2233.094189,1.096275974,41.83285141,0.050522711,0.326373369,1.081142545,6.625874043,0.518810868
10.3,-287.2114781,-2235.064511,1.140056104,41.88765717,0.051297031,0.324027508,1.08450973,6.632512093,0.446215928
10.35,-286.4894467,-2237.03171,1.183603454,41.94251251,0.054157704,0.326649249,1.085378885,6.681558132,0.525553167
10.4,-285.7507785,-2238.995678,1.226872879,41.9978447,0.054991342,0.326507211,1.094446182,6.671879292,0.479797691
10.45,-284.9954659,-2240.956281,1.269678467,42.05332565,0.056444876,0.32516098,1.097488165,6.690266132,0.439668238
10.5,-284.2234666,-2242.913365,1.312010401,42.10905457,0.059044719,0.327344865,1.102206945,6.725869656,0.494492352
10.55,-283.4347875,-2244.866819,1.353786849,42.16516113,0.060298301,0.326958418,1.109335542,6.726887703,0.447606742
10.6,-282.6294132,-2246.816504,1.394856585,42.22151566,0.062145066,0.326291174,1.114292383,6.747114182,0.424101025
10.65,-281.8073145,-2248.762274,1.435193003,42.27824783,0.064651549,0.327975214,1.121462107,6.776698589,0.457417548
10.7,-280.9684943,-2250.704012,1.474696818,42.33532715,0.066272028,0.327576607,1.128144383,6.784724712,0.414735407
10.75,-280.104294,-2252.660934,1.513622282,42.39334488,0.068380639,0.327304572,1.13530767,6.805553913,0.398727149
10.8,-279.2406151,-2254.574836,1.550779411,42.45063019,0.070767649,0.328494221,1.143345833,6.830916405,0.414133757
10.85,-278.3515333,-2256.503658,1.587207172,42.50886917,0.072738066,0.328280598,1.150590658,6.846121788,0.379603267
10.9,-277.4456733,-2258.427907,1.622410367,42.56755829,0.074928105,0.328164667,1.159374237,6.865138054,0.362513214
10.95,-276.5137098,-2260.366619,1.656654469,42.62728119,0.07745342,0.329042494,1.167950273,6.891924858,0.365887642
11,-275.5835701,-2262.262151,1.688841983,42.68628693,0.079663128,0.328956902,1.177057147,6.910444736,0.335863203
11.05,-274.6273071,-2264.171881,1.719859429,42.74634933,0.082115345,0.328890443,1.186040282,6.932199478,0.315714419
11.1,-273.65422,-2266.0765,1.74929328,42.80693817,0.084696218,0.329500347,1.196301222,6.956092358,0.310187578
11.15,-272.6643021,-2267.97588,1.777046037,42.86804962,0.087058358,0.32953018,1.206497908,6.976075649,0.282513648
11.2,-271.6575427,-2269.869883,1.803005789,42.92972183,0.089534871,0.329436451,1.217383862,6.998296738,0.25784871
11.25,-270.6339306,-2271.758374,1.827084636,42.99195099,0.092169471,0.329877526,1.228279233,7.023766994,0.245440736
11.3,-269.5934593,-2273.64122,1.849182333,43.05476379,0.0946998,0.329954356,1.239694357,7.04675293,0.217551112
11.35,-268.5361184,-2275.518284,1.869188027,43.11817551,0.097291067,0.329873204,1.251415133,7.069466591,0.188922182
11.4,-267.4618999,-2277.38943,1.887007149,43.18221664,0.100026548,0.330170393,1.263745308,7.096003532,0.169383436
11.45,-266.3707981,-2279.254524,1.902537501,43.24690628,0.102595806,0.330206454,1.276452184,7.118833542,0.138606593
11.5,-265.2628042,-2281.11343,1.915668494,43.31225967,0.105251081,0.330125004,1.289472938,7.144138336,0.106684387
11.55,-264.1265763,-2282.984502,1.926393233,43.37895203,0.108032927,0.330300122,1.30277288,7.171115875,0.080168813
11.6,-262.9961117,-2284.812124,1.934327404,43.44501495,0.110681415,0.330313236,1.316569209,7.196120739,0.046038717
11.65,-261.8374006,-2286.651639,1.939640204,43.51247406,0.113371693,0.330215693,1.330864072,7.221487999,0.009681324
11.7,-260.6618019,-2288.484437,1.94204055,43.5788269,0.120386615,0.339087963,1.306884766,7.401372433,0.3205643
11.75,-259.4690811,-2290.310353,1.941567623,43.64549637,0.124830842,0.34459427,1.30355525,7.630996227,1.2343117
11.8,-258.2583474,-2292.12844,1.941571613,43.71364212,0.122165479,0.358192533,1.332859159,7.4227705,1.422091484
11.85,-257.0301813,-2293.938912,1.941132299,43.78102875,0.116588145,0.339647084,1.318265677,7.251358032,0.868065655
11.9,-255.7845732,-2295.741483,1.940677086,43.84811401,0.121479124,0.351620704,1.314200521,7.230021954,1.32609427
11.95,-254.5221126,-2297.536411,1.940446761,43.91511917,0.120279111,0.352953464,1.310741425,7.163647652,1.236477971
12,-253.2299719,-2299.341365,1.940132436,43.98292542,0.119795933,0.345832109,1.314335465,7.090204239,1.037616849
12.05,-251.9470314,-2301.102785,1.939832644,44.04807281,0.122165725,0.351649582,1.287552834,7.197389126,1.271168709
12.1,-250.6345881,-2302.873943,1.939863462,44.11458206,0.120628044,0.354792058,1.300974488,7.173397064,1.259348989
12.15,-249.3056533,-2304.636903,1.93974893,44.1803093,0.118963629,0.346335918,1.285773873,7.197537899,1.032478094
12.2,-247.960116,-2306.391338,1.939753795,44.24553299,0.120796427,0.354701728,1.275937557,7.285222054,1.32141006
12.25,-246.5980701,-2308.137145,1.939935941,44.3108139,0.118242763,0.353068799,1.27632606,7.28450346,1.186766863
12.3,-245.2194663,-2309.87406,1.940023036,44.37574005,0.117720529,0.349492997,1.270011902,7.30703783,1.118649006
12.35,-243.82436,-2311.601888,1.940213699,44.43992996,0.118492983,0.355210423,1.25511694,7.387480736,1.290358543
12.4,-242.3843413,-2313.354709,1.940536509,44.50568771,0.116478898,0.354299694,1.260355353,7.374984741,1.202363133
12.45,-240.970312,-2315.046555,1.94076513,44.56887436,0.115953527,0.351513773,1.247977376,7.411266804,1.143666863
12.5,-239.5256274,-2316.745826,1.941099919,44.63236237,0.116522871,0.356808573,1.241104007,7.465049744,1.299188137
12.55,-238.0645641,-2318.435245,1.941500471,44.69581604,0.114523791,0.354502261,1.240181804,7.458706379,1.182544231
12.6,-236.5871428,-2320.114583,1.94183823,44.75881195,0.114489861,0.353806853,1.231631279,7.492993355,1.19015193
12.65,-235.0934231,-2321.783654,1.942270785,44.82141495,0.114495926,0.357549518,1.223494172,7.536738873,1.280091643
12.7,-233.5834495,-2323.442282,1.942731493,44.88401031,0.112971261,0.355971336,1.223206282,7.533737183,1.203365445
12.75,-232.0419406,-2325.106692,1.943165856,44.94672012,0.112777285,0.355826586,1.213503599,7.568279743,1.21085906
12.8,-230.5149726,-2326.72741,1.943660458,45.00793457,0.112644114,0.358662993,1.208213449,7.600535393,1.278609633
12.85,-228.9565906,-2328.35355,1.944175352,45.0696106,0.11131008,0.357115507,1.205037117,7.603544712,1.208459973
12.9,-227.3821937,-2329.96848,1.944667279,45.13089371,0.111205734,0.357626051,1.19740665,7.635240078,1.234563708
12.95,-225.7758695,-2331.587997,1.945223676,45.19249725,0.110822082,0.359618574,1.191573143,7.662632942,1.270414352
13,-224.1694946,-2333.179853,1.94577476,45.25331879,0.109800689,0.35871169,1.18813777,7.671032906,1.228786945
13.05,-222.5636177,-2334.744205,1.946317048,45.31315994,0.109527126,0.359303385,1.180777788,7.699565887,1.246714234
13.1,-220.925868,-2336.312472,1.946899124,45.37335587,0.109134756,0.360739082,1.175715923,7.723471165,1.272015333
13.15,-219.2558556,-2337.884122,1.947489949,45.43392181,0.108249649,0.360211313,1.171191573,7.735715866,1.242697239
13.2,-217.6034952,-2339.412462,1.948066397,45.49296951,0.107916757,0.360829651,1.164880633,7.76096487,1.259092212
13.25,-215.9190327,-2340.943814,1.948672797,45.55234909,0.10746742,0.361880392,1.159511209,7.783650398,1.27274704
13.3,-214.2191633,-2342.462501,1.949278852,45.61149216,0.106760293,0.36186713,1.154818535,7.799280643,1.260885477
13.35,-212.5039736,-2343.968336,1.949886495,45.67033386,0.106286444,0.362296939,1.148952246,7.821288109,1.26631546
13.4,-210.7735518,-2345.46114,1.950502886,45.72891617,0.105858706,0.363129318,1.143709779,7.843352795,1.278526545
13.45,-209.0104576,-2346.955467,1.951129107,45.78781891,0.105233297,0.363416404,1.138513565,7.861270905,1.273769617
13.5,-207.2673784,-2348.406947,1.951739674,45.84529114,0.104732566,0.363783449,1.133273959,7.881403923,1.276712656
13.55,-205.4918149,-2349.859591,1.952360493,45.90307236,0.104270883,0.364434987,1.12786293,7.902585506,1.283952832
13.6,-203.7013957,-2351.298492,1.952979981,45.96059418,0.10372965,0.364897609,1.122715473,7.921869278,1.28588903
13.65,-201.8780942,-2352.737653,1.953603004,46.01843262,0.103182256,0.365274876,1.117604375,7.941065311,1.28639102
13.7,-200.0763901,-2354.13436,1.954209468,46.07485962,0.102714851,0.365793854,1.112267494,7.961629391,1.291831493
13.75,-198.2235928,-2355.544868,1.954825635,46.132164,0.102191418,0.366314918,1.107129216,7.981169701,1.295107365
13.8,-196.3746238,-2356.926892,1.955428303,46.18864059,0.101669379,0.366726607,1.102012157,8.000533104,1.29689157
13.85,-194.5113194,-2358.294295,1.956024335,46.2448616,0.101170361,0.367193907,1.096884727,8.020134926,1.300091624
13.9,-192.6337903,-2359.646904,1.956611682,46.3008194,0.100676537,0.367684931,1.091690421,8.03990078,1.304009438
13.95,-190.7421489,-2360.984548,1.95718912,46.35652924,0.100150459,0.368106157,1.086756587,8.058846474,1.306091309
14,-188.83651,-2362.307055,1.957754197,46.41198349,0.099636696,0.368520409,1.081672668,8.078290939,1.309104562
14.05,-186.9169906,-2363.614255,1.958307559,46.46717834,0.099116027,0.368967682,1.076552153,8.097668648,1.312496662
14.1,-184.9837094,-2364.905978,1.958846986,46.52212524,0.098578475,0.369390011,1.07165432,8.116756439,1.315457821
14.15,-183.0367874,-2366.182056,1.959371809,46.57682037,0.098047018,0.369797885,1.066625476,8.135977745,1.317952514
14.2,-181.0763476,-2367.442321,1.959880047,46.63125992,0.097517662,0.370214224,1.061661005,8.155025482,1.321093082
14.25,-179.1025153,-2368.686607,1.960371311,46.68545532,0.096984796,0.370634973,1.056719542,8.173984528,1.324006081
14.3,-177.115418,-2369.914748,1.960843446,46.73939896,0.096454464,0.371038377,1.051818848,8.192947388,1.326738358
14.35,-175.1151851,-2371.12658,1.961295678,46.79309464,0.095928274,0.3714481,1.046887755,8.211835861,1.32953763
14.4,-173.1019481,-2372.321938,1.961726292,46.84654617,0.095405959,0.371856511,1.042001486,8.230715752,1.332428932
14.45,-171.0758408,-2373.500661,1.962134345,46.89974976,0.094878718,0.372260243,1.03716886,8.249392509,1.335092068
14.5,-169.0369989,-2374.662588,1.962518006,46.9527092,0.094356038,0.372657597,1.032325268,8.268145561,1.337801695
14.55,-166.98556,-2375.807559,1.962876316,47.0054245,0.09383586,0.373058498,1.027481079,8.286795616,1.340516567
14.6,-164.9216639,-2376.935414,1.963207593,47.05789948,0.093315788,0.373454213,1.022703171,8.305344582,1.343204379
14.65,-162.8454526,-2378.045996,1.963510678,47.11013412,0.092791051,0.373848408,1.017968655,8.323753357,1.345806003
14.7,-160.75707,-2379.139148,1.96378396,47.16212463,0.092272617,0.374240071,1.013204455,8.342297554,1.34842968
14.75,-158.6566618,-2380.214716,1.964026244,47.21387863,0.09175773,0.374631166,1.008437634,8.360750198,1.350998163
14.8,-156.5443761,-2381.272544,1.96423595,47.2653923,0.091242358,0.375016749,1.00375402,8.379048347,1.353503704
14.85,-154.4203626,-2382.312481,1.964411763,47.31667328,0.0907249,0.375402093,0.99908638,8.397226334,1.356008649
14.9,-152.2847734,-2383.334376,1.964552205,47.36771393,0.090209715,0.375785321,0.994418204,8.415473938,1.358480811
14.95,-150.1377622,-2384.338077,1.964655875,47.41852188,0.089695774,0.376165688,0.989774942,8.433639526,1.360890031
15,-147.9578457,-2385.333198,1.964721735,47.46960068,0.089177936,0.376545668,0.985138953,8.451808929,1.363256216
15.05,-145.8100991,-2386.290308,1.964747063,47.5194397,0.088674128,0.37691921,0.980554104,8.469841003,1.365635157
15.1,-143.6734778,-2387.219764,1.964732388,47.5685463,0.088175416,0.377282172,0.975997686,8.487656593,1.367840648
15.15,-141.4386434,-2388.168003,1.964673718,47.61942673,0.08764869,0.377663076,0.971518755,8.50549221,1.370171309
15.2,-139.2589679,-2389.069528,1.964572858,47.66858292,0.087140813,0.378026038,0.966928601,8.523305893,1.372330427
15.25,-137.0468684,-2389.961192,1.964425666,47.71800613,0.086634688,0.378390789,0.962462723,8.541096687,1.374488711
15.3,-134.8244765,-2390.833655,1.964231533,47.76720428,0.086124718,0.378755122,0.957967043,8.55880928,1.376617908
15.35,-132.5919613,-2391.686778,1.96398875,47.81617737,0.085615456,0.379113019,0.953518033,8.576498985,1.378674746
15.4,-130.3494937,-2392.520425,1.963696138,47.86492157,0.08510609,0.379474491,0.949088633,8.594100952,1.380732656
15.45,-128.0972466,-2393.334459,1.963351925,47.91344452,0.084596813,0.379829645,0.944626093,8.611699104,1.382678866
15.5,-125.8353947,-2394.128749,1.962954714,47.9617424,0.084088862,0.380183756,0.94025737,8.629232407,1.384606242
15.55,-123.5641145,-2394.903161,1.962502901,48.00981903,0.083580963,0.380534977,0.935885072,8.646678925,1.386475563
15.6,-121.283584,-2395.657565,1.961995041,48.05767822,0.083071575,0.38088277,0.931574345,8.664060593,1.388256788
15.65,-118.9939832,-2396.391833,1.961429499,48.10532379,0.082566433,0.381228417,0.927402258,8.681497574,1.390044808
15.7,-116.6954934,-2397.105839,1.960804801,48.15275574,0.082059123,0.381572247,0.923110306,8.698732376,1.391739488
15.75,-114.3882983,-2397.799457,1.960119343,48.19996643,0.081551455,0.381915569,0.918833673,8.715942383,1.393430829
15.8,-112.072583,-2398.472563,1.959371731,48.24696732,0.081041843,0.382253885,0.914702475,8.733093262,1.394930482
15.85,-109.7485341,-2399.125036,1.958560067,48.29375839,0.080536559,0.382585824,0.910518527,8.750198364,1.396454573
15.9,-107.4163403,-2399.756757,1.957683275,48.34033203,0.080032498,0.382920951,0.906281233,8.767360687,1.397912025
